piece number,work,book,composer,4 hands,start_pdf,end_pdf,comments,time fix,henle_difficulty,URI metadata difficulty,URI score IMSLP
1,"Six Unison Melodies, no. 1","Mikrokosmos, Volumes I-II",Béla Bártok,FALSE,4,4,,,Piano 1 easy,https://www.henle.de/en/detail/?Title=Mikrokosmos%2C+Volumes+I-II_1408,https://imslp.hk/files/imglnks/euimg/2/21/IMSLP465640-PMLP3661-Bela_Bartok_-_Mikrokosmos.pdf
2,"Six Unison Melodies, no. 2","Mikrokosmos, Volumes I-II",Béla Bártok,FALSE,4,4,,,Piano 1 easy,https://www.henle.de/en/detail/?Title=Mikrokosmos%2C+Volumes+I-II_1408,https://imslp.hk/files/imglnks/euimg/2/21/IMSLP465640-PMLP3661-Bela_Bartok_-_Mikrokosmos.pdf
3,"Six Unison Melodies, no. 3","Mikrokosmos, Volumes I-II",Béla Bártok,FALSE,5,5,,,Piano 1 easy,https://www.henle.de/en/detail/?Title=Mikrokosmos%2C+Volumes+I-II_1408,https://imslp.hk/files/imglnks/euimg/2/21/IMSLP465640-PMLP3661-Bela_Bartok_-_Mikrokosmos.pdf
4,"Six Unison Melodies, no. 4","Mikrokosmos, Volumes I-II",Béla Bártok,FALSE,5,5,,,Piano 1 easy,https://www.henle.de/en/detail/?Title=Mikrokosmos%2C+Volumes+I-II_1408,https://imslp.hk/files/imglnks/euimg/2/21/IMSLP465640-PMLP3661-Bela_Bartok_-_Mikrokosmos.pdf
5,"Six Unison Melodies, no. 5","Mikrokosmos, Volumes I-II",Béla Bártok,FALSE,6,6,,,Piano 1 easy,https://www.henle.de/en/detail/?Title=Mikrokosmos%2C+Volumes+I-II_1408,https://imslp.hk/files/imglnks/euimg/2/21/IMSLP465640-PMLP3661-Bela_Bartok_-_Mikrokosmos.pdf
6,"Six Unison Melodies, no. 6","Mikrokosmos, Volumes I-II",Béla Bártok,FALSE,6,6,,,Piano 1 easy,https://www.henle.de/en/detail/?Title=Mikrokosmos%2C+Volumes+I-II_1408,https://imslp.hk/files/imglnks/euimg/2/21/IMSLP465640-PMLP3661-Bela_Bartok_-_Mikrokosmos.pdf
7,Dotted Notes,"Mikrokosmos, Volumes I-II",Béla Bártok,FALSE,7,7,,,Piano 1 easy,https://www.henle.de/en/detail/?Title=Mikrokosmos%2C+Volumes+I-II_1408,https://imslp.hk/files/imglnks/euimg/2/21/IMSLP465640-PMLP3661-Bela_Bartok_-_Mikrokosmos.pdf
8,Repetition (1),"Mikrokosmos, Volumes I-II",Béla Bártok,FALSE,7,7,,,Piano 1 easy,https://www.henle.de/en/detail/?Title=Mikrokosmos%2C+Volumes+I-II_1408,https://imslp.hk/files/imglnks/euimg/2/21/IMSLP465640-PMLP3661-Bela_Bartok_-_Mikrokosmos.pdf
9,Syncopation (1),"Mikrokosmos, Volumes I-II",Béla Bártok,FALSE,8,8,,,Piano 1 easy,https://www.henle.de/en/detail/?Title=Mikrokosmos%2C+Volumes+I-II_1408,https://imslp.hk/files/imglnks/euimg/2/21/IMSLP465640-PMLP3661-Bela_Bartok_-_Mikrokosmos.pdf
10,With Alternate Hands,"Mikrokosmos, Volumes I-II",Béla Bártok,FALSE,8,8,,,Piano 1 easy,https://www.henle.de/en/detail/?Title=Mikrokosmos%2C+Volumes+I-II_1408,https://imslp.hk/files/imglnks/euimg/2/21/IMSLP465640-PMLP3661-Bela_Bartok_-_Mikrokosmos.pdf
11,Parallel Motion,"Mikrokosmos, Volumes I-II",Béla Bártok,FALSE,9,9,,,Piano 1 easy,https://www.henle.de/en/detail/?Title=Mikrokosmos%2C+Volumes+I-II_1408,https://imslp.hk/files/imglnks/euimg/2/21/IMSLP465640-PMLP3661-Bela_Bartok_-_Mikrokosmos.pdf
12,Reflection,"Mikrokosmos, Volumes I-II",Béla Bártok,FALSE,9,9,,,Piano 1 easy,https://www.henle.de/en/detail/?Title=Mikrokosmos%2C+Volumes+I-II_1408,https://imslp.hk/files/imglnks/euimg/2/21/IMSLP465640-PMLP3661-Bela_Bartok_-_Mikrokosmos.pdf
13,Change of Position,"Mikrokosmos, Volumes I-II",Béla Bártok,FALSE,10,10,,,Piano 1 easy,https://www.henle.de/en/detail/?Title=Mikrokosmos%2C+Volumes+I-II_1408,https://imslp.hk/files/imglnks/euimg/2/21/IMSLP465640-PMLP3661-Bela_Bartok_-_Mikrokosmos.pdf
14,Question and Answer,"Mikrokosmos, Volumes I-II",Béla Bártok,FALSE,10,10,,,Piano 1 easy,https://www.henle.de/en/detail/?Title=Mikrokosmos%2C+Volumes+I-II_1408,https://imslp.hk/files/imglnks/euimg/2/21/IMSLP465640-PMLP3661-Bela_Bartok_-_Mikrokosmos.pdf
15,Village Song,"Mikrokosmos, Volumes I-II",Béla Bártok,FALSE,11,11,,,Piano 1 easy,https://www.henle.de/en/detail/?Title=Mikrokosmos%2C+Volumes+I-II_1408,https://imslp.hk/files/imglnks/euimg/2/21/IMSLP465640-PMLP3661-Bela_Bartok_-_Mikrokosmos.pdf
16,Parallel Motion and Change of Position,"Mikrokosmos, Volumes I-II",Béla Bártok,FALSE,11,11,,,Piano 1 easy,https://www.henle.de/en/detail/?Title=Mikrokosmos%2C+Volumes+I-II_1408,https://imslp.hk/files/imglnks/euimg/2/21/IMSLP465640-PMLP3661-Bela_Bartok_-_Mikrokosmos.pdf
17,Contrary Motion (1),"Mikrokosmos, Volumes I-II",Béla Bártok,FALSE,12,12,,,Piano 1 easy,https://www.henle.de/en/detail/?Title=Mikrokosmos%2C+Volumes+I-II_1408,https://imslp.hk/files/imglnks/euimg/2/21/IMSLP465640-PMLP3661-Bela_Bartok_-_Mikrokosmos.pdf
18,"Four Unison Melodies, no. 1","Mikrokosmos, Volumes I-II",Béla Bártok,FALSE,12,12,,,Piano 1 easy,https://www.henle.de/en/detail/?Title=Mikrokosmos%2C+Volumes+I-II_1408,https://imslp.hk/files/imglnks/euimg/2/21/IMSLP465640-PMLP3661-Bela_Bartok_-_Mikrokosmos.pdf
19,"Four Unison Melodies, no. 2","Mikrokosmos, Volumes I-II",Béla Bártok,FALSE,13,13,,,Piano 1 easy,https://www.henle.de/en/detail/?Title=Mikrokosmos%2C+Volumes+I-II_1408,https://imslp.hk/files/imglnks/euimg/2/21/IMSLP465640-PMLP3661-Bela_Bartok_-_Mikrokosmos.pdf
20,"Four Unison Melodies, no. 3","Mikrokosmos, Volumes I-II",Béla Bártok,FALSE,13,13,,,Piano 1 easy,https://www.henle.de/en/detail/?Title=Mikrokosmos%2C+Volumes+I-II_1408,https://imslp.hk/files/imglnks/euimg/2/21/IMSLP465640-PMLP3661-Bela_Bartok_-_Mikrokosmos.pdf
21,"Four Unison Melodies, no. 4","Mikrokosmos, Volumes I-II",Béla Bártok,FALSE,13,13,,,Piano 1 easy,https://www.henle.de/en/detail/?Title=Mikrokosmos%2C+Volumes+I-II_1408,https://imslp.hk/files/imglnks/euimg/2/21/IMSLP465640-PMLP3661-Bela_Bartok_-_Mikrokosmos.pdf
22,Imitation and Counterpoint,"Mikrokosmos, Volumes I-II",Béla Bártok,FALSE,14,14,,,Piano 1 easy,https://www.henle.de/en/detail/?Title=Mikrokosmos%2C+Volumes+I-II_1408,https://imslp.hk/files/imglnks/euimg/2/21/IMSLP465640-PMLP3661-Bela_Bartok_-_Mikrokosmos.pdf
23,Imitation and Inversion (1),"Mikrokosmos, Volumes I-II",Béla Bártok,FALSE,14,14,,,Piano 1 easy,https://www.henle.de/en/detail/?Title=Mikrokosmos%2C+Volumes+I-II_1408,https://imslp.hk/files/imglnks/euimg/2/21/IMSLP465640-PMLP3661-Bela_Bartok_-_Mikrokosmos.pdf
24,Pastorale,"Mikrokosmos, Volumes I-II",Béla Bártok,FALSE,15,15,,,Piano 1 easy,https://www.henle.de/en/detail/?Title=Mikrokosmos%2C+Volumes+I-II_1408,https://imslp.hk/files/imglnks/euimg/2/21/IMSLP465640-PMLP3661-Bela_Bartok_-_Mikrokosmos.pdf
25,Imitation and Inversion (2),"Mikrokosmos, Volumes I-II",Béla Bártok,FALSE,16,16,,,Piano 1 easy,https://www.henle.de/en/detail/?Title=Mikrokosmos%2C+Volumes+I-II_1408,https://imslp.hk/files/imglnks/euimg/2/21/IMSLP465640-PMLP3661-Bela_Bartok_-_Mikrokosmos.pdf
26,Repetition (2),"Mikrokosmos, Volumes I-II",Béla Bártok,FALSE,17,17,,,Piano 1 easy,https://www.henle.de/en/detail/?Title=Mikrokosmos%2C+Volumes+I-II_1408,https://imslp.hk/files/imglnks/euimg/2/21/IMSLP465640-PMLP3661-Bela_Bartok_-_Mikrokosmos.pdf
27,Syncopation (2),"Mikrokosmos, Volumes I-II",Béla Bártok,FALSE,17,17,,,Piano 1 easy,https://www.henle.de/en/detail/?Title=Mikrokosmos%2C+Volumes+I-II_1408,https://imslp.hk/files/imglnks/euimg/2/21/IMSLP465640-PMLP3661-Bela_Bartok_-_Mikrokosmos.pdf
28,Canon at the Octave,"Mikrokosmos, Volumes I-II",Béla Bártok,FALSE,18,18,,,Piano 1 easy,https://www.henle.de/en/detail/?Title=Mikrokosmos%2C+Volumes+I-II_1408,https://imslp.hk/files/imglnks/euimg/2/21/IMSLP465640-PMLP3661-Bela_Bartok_-_Mikrokosmos.pdf
29,Imitation Reflected,"Mikrokosmos, Volumes I-II",Béla Bártok,FALSE,18,18,,,Piano 1 easy,https://www.henle.de/en/detail/?Title=Mikrokosmos%2C+Volumes+I-II_1408,https://imslp.hk/files/imglnks/euimg/2/21/IMSLP465640-PMLP3661-Bela_Bartok_-_Mikrokosmos.pdf
30,Canon at the Lower Fifth,"Mikrokosmos, Volumes I-II",Béla Bártok,FALSE,19,19,,,Piano 1 easy,https://www.henle.de/en/detail/?Title=Mikrokosmos%2C+Volumes+I-II_1408,https://imslp.hk/files/imglnks/euimg/2/21/IMSLP465640-PMLP3661-Bela_Bartok_-_Mikrokosmos.pdf
31,Little Dance in Canon Form,"Mikrokosmos, Volumes I-II",Béla Bártok,FALSE,19,19,,,Piano 1 easy,https://www.henle.de/en/detail/?Title=Mikrokosmos%2C+Volumes+I-II_1408,https://imslp.hk/files/imglnks/euimg/2/21/IMSLP465640-PMLP3661-Bela_Bartok_-_Mikrokosmos.pdf
32,In Dorian Mode,"Mikrokosmos, Volumes I-II",Béla Bártok,FALSE,20,20,,,Piano 1 easy,https://www.henle.de/en/detail/?Title=Mikrokosmos%2C+Volumes+I-II_1408,https://imslp.hk/files/imglnks/euimg/2/21/IMSLP465640-PMLP3661-Bela_Bartok_-_Mikrokosmos.pdf
33,Slow Dance,"Mikrokosmos, Volumes I-II",Béla Bártok,FALSE,21,21,,,Piano 1 easy,https://www.henle.de/en/detail/?Title=Mikrokosmos%2C+Volumes+I-II_1408,https://imslp.hk/files/imglnks/euimg/2/21/IMSLP465640-PMLP3661-Bela_Bartok_-_Mikrokosmos.pdf
34,In Phrygian Mode,"Mikrokosmos, Volumes I-II",Béla Bártok,FALSE,22,22,,,Piano 1 easy,https://www.henle.de/en/detail/?Title=Mikrokosmos%2C+Volumes+I-II_1408,https://imslp.hk/files/imglnks/euimg/2/21/IMSLP465640-PMLP3661-Bela_Bartok_-_Mikrokosmos.pdf
35,Chorale,"Mikrokosmos, Volumes I-II",Béla Bártok,FALSE,23,23,,,Piano 1 easy,https://www.henle.de/en/detail/?Title=Mikrokosmos%2C+Volumes+I-II_1408,https://imslp.hk/files/imglnks/euimg/2/21/IMSLP465640-PMLP3661-Bela_Bartok_-_Mikrokosmos.pdf
36,Free Canon,"Mikrokosmos, Volumes I-II",Béla Bártok,FALSE,24,24,,,Piano 1 easy,https://www.henle.de/en/detail/?Title=Mikrokosmos%2C+Volumes+I-II_1408,https://imslp.hk/files/imglnks/euimg/2/21/IMSLP465640-PMLP3661-Bela_Bartok_-_Mikrokosmos.pdf
37,In Lydian Mode,"Mikrokosmos, Volumes I-II",Béla Bártok,FALSE,31,31,,,Piano 2 easy,https://www.henle.de/en/detail/?Title=Mikrokosmos%2C+Volumes+I-II_1408,https://imslp.hk/files/imglnks/euimg/2/21/IMSLP465640-PMLP3661-Bela_Bartok_-_Mikrokosmos.pdf
38,Staccato and Legato (1),"Mikrokosmos, Volumes I-II",Béla Bártok,FALSE,32,32,,,Piano 1 easy,https://www.henle.de/en/detail/?Title=Mikrokosmos%2C+Volumes+I-II_1408,https://imslp.hk/files/imglnks/euimg/2/21/IMSLP465640-PMLP3661-Bela_Bartok_-_Mikrokosmos.pdf
39,"Staccato and Legato (2, Canon)","Mikrokosmos, Volumes I-II",Béla Bártok,FALSE,32,32,,,Piano 2 easy,https://www.henle.de/en/detail/?Title=Mikrokosmos%2C+Volumes+I-II_1408,https://imslp.hk/files/imglnks/euimg/2/21/IMSLP465640-PMLP3661-Bela_Bartok_-_Mikrokosmos.pdf
40,In Yugoslav Style,"Mikrokosmos, Volumes I-II",Béla Bártok,FALSE,33,33,,,Piano 1 easy,https://www.henle.de/en/detail/?Title=Mikrokosmos%2C+Volumes+I-II_1408,https://imslp.hk/files/imglnks/euimg/2/21/IMSLP465640-PMLP3661-Bela_Bartok_-_Mikrokosmos.pdf
41,Melody with Accompaniment,"Mikrokosmos, Volumes I-II",Béla Bártok,FALSE,34,34,,,Piano 2 easy,https://www.henle.de/en/detail/?Title=Mikrokosmos%2C+Volumes+I-II_1408,https://imslp.hk/files/imglnks/euimg/2/21/IMSLP465640-PMLP3661-Bela_Bartok_-_Mikrokosmos.pdf
42,Accompaniment in Broken Triads,"Mikrokosmos, Volumes I-II",Béla Bártok,FALSE,35,35,,,Piano 1 easy,https://www.henle.de/en/detail/?Title=Mikrokosmos%2C+Volumes+I-II_1408,https://imslp.hk/files/imglnks/euimg/2/21/IMSLP465640-PMLP3661-Bela_Bartok_-_Mikrokosmos.pdf
43,In Hungarian Style,"Mikrokosmos, Volumes I-II",Béla Bártok,TRUE,,,,,Piano 2 easy,https://www.henle.de/en/detail/?Title=Mikrokosmos%2C+Volumes+I-II_1408,https://imslp.hk/files/imglnks/euimg/2/21/IMSLP465640-PMLP3661-Bela_Bartok_-_Mikrokosmos.pdf
44,Contrary Motion (2),"Mikrokosmos, Volumes I-II",Béla Bártok,TRUE,,,,,Piano 2 easy,https://www.henle.de/en/detail/?Title=Mikrokosmos%2C+Volumes+I-II_1408,https://imslp.hk/files/imglnks/euimg/2/21/IMSLP465640-PMLP3661-Bela_Bartok_-_Mikrokosmos.pdf
45,M\u00e9ditation,"Mikrokosmos, Volumes I-II",Béla Bártok,FALSE,38,38,,,Piano 2 easy,https://www.henle.de/en/detail/?Title=Mikrokosmos%2C+Volumes+I-II_1408,https://imslp.hk/files/imglnks/euimg/2/21/IMSLP465640-PMLP3661-Bela_Bartok_-_Mikrokosmos.pdf
46,Increasing - Diminishing,"Mikrokosmos, Volumes I-II",Béla Bártok,FALSE,39,39,,,Piano 2 easy,https://www.henle.de/en/detail/?Title=Mikrokosmos%2C+Volumes+I-II_1408,https://imslp.hk/files/imglnks/euimg/2/21/IMSLP465640-PMLP3661-Bela_Bartok_-_Mikrokosmos.pdf
47,Big Fair,"Mikrokosmos, Volumes I-II",Béla Bártok,FALSE,40,40,,,Piano 2 easy,https://www.henle.de/en/detail/?Title=Mikrokosmos%2C+Volumes+I-II_1408,https://imslp.hk/files/imglnks/euimg/2/21/IMSLP465640-PMLP3661-Bela_Bartok_-_Mikrokosmos.pdf
48,In Mixolydian Mode,"Mikrokosmos, Volumes I-II",Béla Bártok,FALSE,41,41,,,Piano 2 easy,https://www.henle.de/en/detail/?Title=Mikrokosmos%2C+Volumes+I-II_1408,https://imslp.hk/files/imglnks/euimg/2/21/IMSLP465640-PMLP3661-Bela_Bartok_-_Mikrokosmos.pdf
49,Crescendo - Diminuendo,"Mikrokosmos, Volumes I-II",Béla Bártok,FALSE,42,42,,,Piano 2 easy,https://www.henle.de/en/detail/?Title=Mikrokosmos%2C+Volumes+I-II_1408,https://imslp.hk/files/imglnks/euimg/2/21/IMSLP465640-PMLP3661-Bela_Bartok_-_Mikrokosmos.pdf
50,Minuetto,"Mikrokosmos, Volumes I-II",Béla Bártok,FALSE,42,42,,,Piano 2 easy,https://www.henle.de/en/detail/?Title=Mikrokosmos%2C+Volumes+I-II_1408,https://imslp.hk/files/imglnks/euimg/2/21/IMSLP465640-PMLP3661-Bela_Bartok_-_Mikrokosmos.pdf
51,Waves,"Mikrokosmos, Volumes I-II",Béla Bártok,FALSE,43,43,,,Piano 2 easy,https://www.henle.de/en/detail/?Title=Mikrokosmos%2C+Volumes+I-II_1408,https://imslp.hk/files/imglnks/euimg/2/21/IMSLP465640-PMLP3661-Bela_Bartok_-_Mikrokosmos.pdf
52,Monody Divided,"Mikrokosmos, Volumes I-II",Béla Bártok,FALSE,44,44,,,Piano 1 easy,https://www.henle.de/en/detail/?Title=Mikrokosmos%2C+Volumes+I-II_1408,https://imslp.hk/files/imglnks/euimg/2/21/IMSLP465640-PMLP3661-Bela_Bartok_-_Mikrokosmos.pdf
53,In Transylvanian Style,"Mikrokosmos, Volumes I-II",Béla Bártok,FALSE,44,45,,,Piano 2 easy,https://www.henle.de/en/detail/?Title=Mikrokosmos%2C+Volumes+I-II_1408,https://imslp.hk/files/imglnks/euimg/2/21/IMSLP465640-PMLP3661-Bela_Bartok_-_Mikrokosmos.pdf
54,Chromatic,"Mikrokosmos, Volumes I-II",Béla Bártok,FALSE,45,45,,,Piano 2 easy,https://www.henle.de/en/detail/?Title=Mikrokosmos%2C+Volumes+I-II_1408,https://imslp.hk/files/imglnks/euimg/2/21/IMSLP465640-PMLP3661-Bela_Bartok_-_Mikrokosmos.pdf
55,Triplets in Lydian Mode,"Mikrokosmos, Volumes I-II",Béla Bártok,TRUE,,,,,Piano 2 easy,https://www.henle.de/en/detail/?Title=Mikrokosmos%2C+Volumes+I-II_1408,https://imslp.hk/files/imglnks/euimg/2/21/IMSLP465640-PMLP3661-Bela_Bartok_-_Mikrokosmos.pdf
56,Melody in Tenths,"Mikrokosmos, Volumes I-II",Béla Bártok,FALSE,48,48,,,Piano 2 easy,https://www.henle.de/en/detail/?Title=Mikrokosmos%2C+Volumes+I-II_1408,https://imslp.hk/files/imglnks/euimg/2/21/IMSLP465640-PMLP3661-Bela_Bartok_-_Mikrokosmos.pdf
57,Accents,"Mikrokosmos, Volumes I-II",Béla Bártok,FALSE,48,49,,,Piano 2 easy,https://www.henle.de/en/detail/?Title=Mikrokosmos%2C+Volumes+I-II_1408,https://imslp.hk/files/imglnks/euimg/2/21/IMSLP465640-PMLP3661-Bela_Bartok_-_Mikrokosmos.pdf
58,In Oriental Style,"Mikrokosmos, Volumes I-II",Béla Bártok,FALSE,49,49,,,Piano 2 easy,https://www.henle.de/en/detail/?Title=Mikrokosmos%2C+Volumes+I-II_1408,https://imslp.hk/files/imglnks/euimg/2/21/IMSLP465640-PMLP3661-Bela_Bartok_-_Mikrokosmos.pdf
59,Major and Minor,"Mikrokosmos, Volumes I-II",Béla Bártok,FALSE,50,50,,,Piano 2 easy,https://www.henle.de/en/detail/?Title=Mikrokosmos%2C+Volumes+I-II_1408,https://imslp.hk/files/imglnks/euimg/2/21/IMSLP465640-PMLP3661-Bela_Bartok_-_Mikrokosmos.pdf
60,Canon with Sustained Notes,"Mikrokosmos, Volumes I-II",Béla Bártok,FALSE,51,51,,,Piano 2 easy,https://www.henle.de/en/detail/?Title=Mikrokosmos%2C+Volumes+I-II_1408,https://imslp.hk/files/imglnks/euimg/2/21/IMSLP465640-PMLP3661-Bela_Bartok_-_Mikrokosmos.pdf
61,Pentatonic Melody,"Mikrokosmos, Volumes I-II",Béla Bártok,FALSE,52,52,,,Piano 2 easy,https://www.henle.de/en/detail/?Title=Mikrokosmos%2C+Volumes+I-II_1408,https://imslp.hk/files/imglnks/euimg/2/21/IMSLP465640-PMLP3661-Bela_Bartok_-_Mikrokosmos.pdf
62,Minor Sixths in Parallel Motion,"Mikrokosmos, Volumes I-II",Béla Bártok,FALSE,53,53,,,Piano 2 easy,https://www.henle.de/en/detail/?Title=Mikrokosmos%2C+Volumes+I-II_1408,https://imslp.hk/files/imglnks/euimg/2/21/IMSLP465640-PMLP3661-Bela_Bartok_-_Mikrokosmos.pdf
63,Buzzing,"Mikrokosmos, Volumes I-II",Béla Bártok,FALSE,54,54,,,Piano 2 easy,https://www.henle.de/en/detail/?Title=Mikrokosmos%2C+Volumes+I-II_1408,https://imslp.hk/files/imglnks/euimg/2/21/IMSLP465640-PMLP3661-Bela_Bartok_-_Mikrokosmos.pdf
64,Line and Point,"Mikrokosmos, Volumes I-II",Béla Bártok,FALSE,55,55,,,Piano 3 easy,https://www.henle.de/en/detail/?Title=Mikrokosmos%2C+Volumes+I-II_1408,https://imslp.hk/files/imglnks/euimg/2/21/IMSLP465640-PMLP3661-Bela_Bartok_-_Mikrokosmos.pdf
65,Dialogue,"Mikrokosmos, Volumes I-II",Béla Bártok,TRUE,,,,,Piano 1 easy,https://www.henle.de/en/detail/?Title=Mikrokosmos%2C+Volumes+I-II_1408,https://imslp.hk/files/imglnks/euimg/2/21/IMSLP465640-PMLP3661-Bela_Bartok_-_Mikrokosmos.pdf
66,Melody Divided,"Mikrokosmos, Volumes I-II",Béla Bártok,FALSE,58,58,,,Piano 2 easy,https://www.henle.de/en/detail/?Title=Mikrokosmos%2C+Volumes+I-II_1408,https://imslp.hk/files/imglnks/euimg/2/21/IMSLP465640-PMLP3661-Bela_Bartok_-_Mikrokosmos.pdf
67,Thirds against a Single Voice,"Mikrokosmos, Volumes III-IV",Béla Bártok,FALSE,68,68,,,Piano 2 easy,https://www.henle.de/en/detail/?Title=Mikrokosmos%2C+Volumes+III-IV_1409,https://imslp.hk/files/imglnks/euimg/2/21/IMSLP465640-PMLP3661-Bela_Bartok_-_Mikrokosmos.pdf
68,Hungarian Dance,"Mikrokosmos, Volumes III-IV",Béla Bártok,TRUE,,,,,Piano 3 easy,https://www.henle.de/en/detail/?Title=Mikrokosmos%2C+Volumes+III-IV_1409,https://imslp.hk/files/imglnks/euimg/2/21/IMSLP465640-PMLP3661-Bela_Bartok_-_Mikrokosmos.pdf
69,Chord Study,"Mikrokosmos, Volumes III-IV",Béla Bártok,FALSE,71,72,,,Piano 2 easy,https://www.henle.de/en/detail/?Title=Mikrokosmos%2C+Volumes+III-IV_1409,https://imslp.hk/files/imglnks/euimg/2/21/IMSLP465640-PMLP3661-Bela_Bartok_-_Mikrokosmos.pdf
70,Melody against Double Notes,"Mikrokosmos, Volumes III-IV",Béla Bártok,FALSE,73,73,,,Piano 2 easy,https://www.henle.de/en/detail/?Title=Mikrokosmos%2C+Volumes+III-IV_1409,https://imslp.hk/files/imglnks/euimg/2/21/IMSLP465640-PMLP3661-Bela_Bartok_-_Mikrokosmos.pdf
71,Thirds,"Mikrokosmos, Volumes III-IV",Béla Bártok,FALSE,74,74,,,Piano 3 easy,https://www.henle.de/en/detail/?Title=Mikrokosmos%2C+Volumes+III-IV_1409,https://imslp.hk/files/imglnks/euimg/2/21/IMSLP465640-PMLP3661-Bela_Bartok_-_Mikrokosmos.pdf
72,Dragons' Dance,"Mikrokosmos, Volumes III-IV",Béla Bártok,FALSE,75,75,,,Piano 3 easy,https://www.henle.de/en/detail/?Title=Mikrokosmos%2C+Volumes+III-IV_1409,https://imslp.hk/files/imglnks/euimg/2/21/IMSLP465640-PMLP3661-Bela_Bartok_-_Mikrokosmos.pdf
73,Sixths and Triads,"Mikrokosmos, Volumes III-IV",Béla Bártok,FALSE,76,76,,,Piano 2 easy,https://www.henle.de/en/detail/?Title=Mikrokosmos%2C+Volumes+III-IV_1409,https://imslp.hk/files/imglnks/euimg/2/21/IMSLP465640-PMLP3661-Bela_Bartok_-_Mikrokosmos.pdf
74,Hungarian Song,"Mikrokosmos, Volumes III-IV",Béla Bártok,FALSE,79,79,,,Piano 2 easy,https://www.henle.de/en/detail/?Title=Mikrokosmos%2C+Volumes+III-IV_1409,https://imslp.hk/files/imglnks/euimg/2/21/IMSLP465640-PMLP3661-Bela_Bartok_-_Mikrokosmos.pdf
75,Triplets,"Mikrokosmos, Volumes III-IV",Béla Bártok,FALSE,80,80,,,Piano 2 easy,https://www.henle.de/en/detail/?Title=Mikrokosmos%2C+Volumes+III-IV_1409,https://imslp.hk/files/imglnks/euimg/2/21/IMSLP465640-PMLP3661-Bela_Bartok_-_Mikrokosmos.pdf
76,In Three Parts,"Mikrokosmos, Volumes III-IV",Béla Bártok,FALSE,81,81,,,Piano 2 easy,https://www.henle.de/en/detail/?Title=Mikrokosmos%2C+Volumes+III-IV_1409,https://imslp.hk/files/imglnks/euimg/2/21/IMSLP465640-PMLP3661-Bela_Bartok_-_Mikrokosmos.pdf
77,Little Study,"Mikrokosmos, Volumes III-IV",Béla Bártok,FALSE,82,82,,,Piano 2 easy,https://www.henle.de/en/detail/?Title=Mikrokosmos%2C+Volumes+III-IV_1409,https://imslp.hk/files/imglnks/euimg/2/21/IMSLP465640-PMLP3661-Bela_Bartok_-_Mikrokosmos.pdf
78,Five-tone Scale,"Mikrokosmos, Volumes III-IV",Béla Bártok,FALSE,83,83,,,Piano 2 easy,https://www.henle.de/en/detail/?Title=Mikrokosmos%2C+Volumes+III-IV_1409,https://imslp.hk/files/imglnks/euimg/2/21/IMSLP465640-PMLP3661-Bela_Bartok_-_Mikrokosmos.pdf
79,Hommage \u00e0 J. S. B.,"Mikrokosmos, Volumes III-IV",Béla Bártok,FALSE,84,84,,,Piano 3 easy,https://www.henle.de/en/detail/?Title=Mikrokosmos%2C+Volumes+III-IV_1409,https://imslp.hk/files/imglnks/euimg/2/21/IMSLP465640-PMLP3661-Bela_Bartok_-_Mikrokosmos.pdf
80,Hommage \u00e0 R. Sch.,"Mikrokosmos, Volumes III-IV",Béla Bártok,FALSE,85,85,,,Piano 3 easy,https://www.henle.de/en/detail/?Title=Mikrokosmos%2C+Volumes+III-IV_1409,https://imslp.hk/files/imglnks/euimg/2/21/IMSLP465640-PMLP3661-Bela_Bartok_-_Mikrokosmos.pdf
81,Wandering,"Mikrokosmos, Volumes III-IV",Béla Bártok,FALSE,86,86,,,Piano 3 easy,https://www.henle.de/en/detail/?Title=Mikrokosmos%2C+Volumes+III-IV_1409,https://imslp.hk/files/imglnks/euimg/2/21/IMSLP465640-PMLP3661-Bela_Bartok_-_Mikrokosmos.pdf
82,Scherzo,"Mikrokosmos, Volumes III-IV",Béla Bártok,FALSE,87,87,,,Piano 3 easy,https://www.henle.de/en/detail/?Title=Mikrokosmos%2C+Volumes+III-IV_1409,https://imslp.hk/files/imglnks/euimg/2/21/IMSLP465640-PMLP3661-Bela_Bartok_-_Mikrokosmos.pdf
83,Melody with Interruptions,"Mikrokosmos, Volumes III-IV",Béla Bártok,FALSE,88,88,,,Piano 3 easy,https://www.henle.de/en/detail/?Title=Mikrokosmos%2C+Volumes+III-IV_1409,https://imslp.hk/files/imglnks/euimg/2/21/IMSLP465640-PMLP3661-Bela_Bartok_-_Mikrokosmos.pdf
84,Merriment,"Mikrokosmos, Volumes III-IV",Béla Bártok,FALSE,89,90,,,Piano 3 easy,https://www.henle.de/en/detail/?Title=Mikrokosmos%2C+Volumes+III-IV_1409,https://imslp.hk/files/imglnks/euimg/2/21/IMSLP465640-PMLP3661-Bela_Bartok_-_Mikrokosmos.pdf
85,Broken Chords,"Mikrokosmos, Volumes III-IV",Béla Bártok,FALSE,91,92,,,Piano 3 easy,https://www.henle.de/en/detail/?Title=Mikrokosmos%2C+Volumes+III-IV_1409,https://imslp.hk/files/imglnks/euimg/2/21/IMSLP465640-PMLP3661-Bela_Bartok_-_Mikrokosmos.pdf
86,Two Major Pentachords,"Mikrokosmos, Volumes III-IV",Béla Bártok,FALSE,93,94,,,Piano 3 easy,https://www.henle.de/en/detail/?Title=Mikrokosmos%2C+Volumes+III-IV_1409,https://imslp.hk/files/imglnks/euimg/2/21/IMSLP465640-PMLP3661-Bela_Bartok_-_Mikrokosmos.pdf
87,Variations,"Mikrokosmos, Volumes III-IV",Béla Bártok,FALSE,95,96,,,Piano 3 easy,https://www.henle.de/en/detail/?Title=Mikrokosmos%2C+Volumes+III-IV_1409,https://imslp.hk/files/imglnks/euimg/2/21/IMSLP465640-PMLP3661-Bela_Bartok_-_Mikrokosmos.pdf
88,Duet for Pipes,"Mikrokosmos, Volumes III-IV",Béla Bártok,FALSE,97,97,,,Piano 3 easy,https://www.henle.de/en/detail/?Title=Mikrokosmos%2C+Volumes+III-IV_1409,https://imslp.hk/files/imglnks/euimg/2/21/IMSLP465640-PMLP3661-Bela_Bartok_-_Mikrokosmos.pdf
89,In Four Parts (1),"Mikrokosmos, Volumes III-IV",Béla Bártok,FALSE,98,98,,,Piano 2 easy,https://www.henle.de/en/detail/?Title=Mikrokosmos%2C+Volumes+III-IV_1409,https://imslp.hk/files/imglnks/euimg/2/21/IMSLP465640-PMLP3661-Bela_Bartok_-_Mikrokosmos.pdf
90,In Russian Style,"Mikrokosmos, Volumes III-IV",Béla Bártok,FALSE,99,99,,,Piano 3 easy,https://www.henle.de/en/detail/?Title=Mikrokosmos%2C+Volumes+III-IV_1409,https://imslp.hk/files/imglnks/euimg/2/21/IMSLP465640-PMLP3661-Bela_Bartok_-_Mikrokosmos.pdf
91,Chromatic Invention (1),"Mikrokosmos, Volumes III-IV",Béla Bártok,FALSE,100,100,,,Piano 3 easy,https://www.henle.de/en/detail/?Title=Mikrokosmos%2C+Volumes+III-IV_1409,https://imslp.hk/files/imglnks/euimg/2/21/IMSLP465640-PMLP3661-Bela_Bartok_-_Mikrokosmos.pdf
92,Chromatic Invention (2),"Mikrokosmos, Volumes III-IV",Béla Bártok,FALSE,101,102,,,Piano 4 medium,https://www.henle.de/en/detail/?Title=Mikrokosmos%2C+Volumes+III-IV_1409,https://imslp.hk/files/imglnks/euimg/2/21/IMSLP465640-PMLP3661-Bela_Bartok_-_Mikrokosmos.pdf
93,In Four Parts (2),"Mikrokosmos, Volumes III-IV",Béla Bártok,FALSE,103,103,,,Piano 3 easy,https://www.henle.de/en/detail/?Title=Mikrokosmos%2C+Volumes+III-IV_1409,https://imslp.hk/files/imglnks/euimg/2/21/IMSLP465640-PMLP3661-Bela_Bartok_-_Mikrokosmos.pdf
94,Tale,"Mikrokosmos, Volumes III-IV",Béla Bártok,FALSE,104,104,,,Piano 4 medium,https://www.henle.de/en/detail/?Title=Mikrokosmos%2C+Volumes+III-IV_1409,https://imslp.hk/files/imglnks/euimg/2/21/IMSLP465640-PMLP3661-Bela_Bartok_-_Mikrokosmos.pdf
95,Song of the Fox,"Mikrokosmos, Volumes III-IV",Béla Bártok,FALSE,105,105,,,Piano 3 easy,https://www.henle.de/en/detail/?Title=Mikrokosmos%2C+Volumes+III-IV_1409,https://imslp.hk/files/imglnks/euimg/2/21/IMSLP465640-PMLP3661-Bela_Bartok_-_Mikrokosmos.pdf
96,Stumblings,"Mikrokosmos, Volumes III-IV",Béla Bártok,FALSE,107,107,,,Piano 3 easy,https://www.henle.de/en/detail/?Title=Mikrokosmos%2C+Volumes+III-IV_1409,https://imslp.hk/files/imglnks/euimg/2/21/IMSLP465640-PMLP3661-Bela_Bartok_-_Mikrokosmos.pdf
97,Notturno,"Mikrokosmos, Volumes III-IV",Béla Bártok,FALSE,115,116,,,Piano 4 medium,https://www.henle.de/en/detail/?Title=Mikrokosmos%2C+Volumes+III-IV_1409,https://imslp.hk/files/imglnks/euimg/2/21/IMSLP465640-PMLP3661-Bela_Bartok_-_Mikrokosmos.pdf
98,Thumb Under,"Mikrokosmos, Volumes III-IV",Béla Bártok,FALSE,117,117,,,Piano 3 easy,https://www.henle.de/en/detail/?Title=Mikrokosmos%2C+Volumes+III-IV_1409,https://imslp.hk/files/imglnks/euimg/2/21/IMSLP465640-PMLP3661-Bela_Bartok_-_Mikrokosmos.pdf
99,Crossed Hands,"Mikrokosmos, Volumes III-IV",Béla Bártok,FALSE,118,118,,,Piano 4 medium,https://www.henle.de/en/detail/?Title=Mikrokosmos%2C+Volumes+III-IV_1409,https://imslp.hk/files/imglnks/euimg/2/21/IMSLP465640-PMLP3661-Bela_Bartok_-_Mikrokosmos.pdf
100,In the Style of a Folksong,"Mikrokosmos, Volumes III-IV",Béla Bártok,FALSE,119,119,,,Piano 4 medium,https://www.henle.de/en/detail/?Title=Mikrokosmos%2C+Volumes+III-IV_1409,https://imslp.hk/files/imglnks/euimg/2/21/IMSLP465640-PMLP3661-Bela_Bartok_-_Mikrokosmos.pdf
101,Diminished Fifths,"Mikrokosmos, Volumes III-IV",Béla Bártok,FALSE,120,120,,,Piano 4 medium,https://www.henle.de/en/detail/?Title=Mikrokosmos%2C+Volumes+III-IV_1409,https://imslp.hk/files/imglnks/euimg/2/21/IMSLP465640-PMLP3661-Bela_Bartok_-_Mikrokosmos.pdf
102,Harmonics,"Mikrokosmos, Volumes III-IV",Béla Bártok,FALSE,121,122,,,Piano 5 medium,https://www.henle.de/en/detail/?Title=Mikrokosmos%2C+Volumes+III-IV_1409,https://imslp.hk/files/imglnks/euimg/2/21/IMSLP465640-PMLP3661-Bela_Bartok_-_Mikrokosmos.pdf
103,Minor and Major,"Mikrokosmos, Volumes III-IV",Béla Bártok,FALSE,123,124,,,Piano 5 medium,https://www.henle.de/en/detail/?Title=Mikrokosmos%2C+Volumes+III-IV_1409,https://imslp.hk/files/imglnks/euimg/2/21/IMSLP465640-PMLP3661-Bela_Bartok_-_Mikrokosmos.pdf
104,Wandering through the Keys,"Mikrokosmos, Volumes III-IV",Béla Bártok,FALSE,125,125,,,Piano 3 easy,https://www.henle.de/en/detail/?Title=Mikrokosmos%2C+Volumes+III-IV_1409,https://imslp.hk/files/imglnks/euimg/2/21/IMSLP465640-PMLP3661-Bela_Bartok_-_Mikrokosmos.pdf
105,Playsong (with two pentatonic scales),"Mikrokosmos, Volumes III-IV",Béla Bártok,FALSE,127,128,,,Piano 4 medium,https://www.henle.de/en/detail/?Title=Mikrokosmos%2C+Volumes+III-IV_1409,https://imslp.hk/files/imglnks/euimg/2/21/IMSLP465640-PMLP3661-Bela_Bartok_-_Mikrokosmos.pdf
106,Children's Song,"Mikrokosmos, Volumes III-IV",Béla Bártok,FALSE,129,129,,,Piano 4 medium,https://www.henle.de/en/detail/?Title=Mikrokosmos%2C+Volumes+III-IV_1409,https://imslp.hk/files/imglnks/euimg/2/21/IMSLP465640-PMLP3661-Bela_Bartok_-_Mikrokosmos.pdf
107,Melody in the Mist,"Mikrokosmos, Volumes III-IV",Béla Bártok,FALSE,130,130,,,Piano 3 easy,https://www.henle.de/en/detail/?Title=Mikrokosmos%2C+Volumes+III-IV_1409,https://imslp.hk/files/imglnks/euimg/2/21/IMSLP465640-PMLP3661-Bela_Bartok_-_Mikrokosmos.pdf
108,Wrestling,"Mikrokosmos, Volumes III-IV",Béla Bártok,FALSE,131,132,,,Piano 5 medium,https://www.henle.de/en/detail/?Title=Mikrokosmos%2C+Volumes+III-IV_1409,https://imslp.hk/files/imglnks/euimg/2/21/IMSLP465640-PMLP3661-Bela_Bartok_-_Mikrokosmos.pdf
109,From the Island of Bali,"Mikrokosmos, Volumes III-IV",Béla Bártok,FALSE,133,134,,,Piano 4 medium,https://www.henle.de/en/detail/?Title=Mikrokosmos%2C+Volumes+III-IV_1409,https://imslp.hk/files/imglnks/euimg/2/21/IMSLP465640-PMLP3661-Bela_Bartok_-_Mikrokosmos.pdf
110,Clashing Sounds,"Mikrokosmos, Volumes III-IV",Béla Bártok,FALSE,135,136,,,Piano 5 medium,https://www.henle.de/en/detail/?Title=Mikrokosmos%2C+Volumes+III-IV_1409,https://imslp.hk/files/imglnks/euimg/2/21/IMSLP465640-PMLP3661-Bela_Bartok_-_Mikrokosmos.pdf
111,Intermezzo,"Mikrokosmos, Volumes III-IV",Béla Bártok,FALSE,137,138,,,Piano 4 medium,https://www.henle.de/en/detail/?Title=Mikrokosmos%2C+Volumes+III-IV_1409,https://imslp.hk/files/imglnks/euimg/2/21/IMSLP465640-PMLP3661-Bela_Bartok_-_Mikrokosmos.pdf
112,Variations on a Folk Tune,"Mikrokosmos, Volumes III-IV",Béla Bártok,FALSE,139,140,,,Piano 4 medium,https://www.henle.de/en/detail/?Title=Mikrokosmos%2C+Volumes+III-IV_1409,https://imslp.hk/files/imglnks/euimg/2/21/IMSLP465640-PMLP3661-Bela_Bartok_-_Mikrokosmos.pdf
113,Bulgarian Rhythm (1),"Mikrokosmos, Volumes III-IV",Béla Bártok,FALSE,141,142,,,Piano 4 medium,https://www.henle.de/en/detail/?Title=Mikrokosmos%2C+Volumes+III-IV_1409,https://imslp.hk/files/imglnks/euimg/2/21/IMSLP465640-PMLP3661-Bela_Bartok_-_Mikrokosmos.pdf
114,Theme and Inversion,"Mikrokosmos, Volumes III-IV",Béla Bártok,FALSE,143,144,,,Piano 4 medium,https://www.henle.de/en/detail/?Title=Mikrokosmos%2C+Volumes+III-IV_1409,https://imslp.hk/files/imglnks/euimg/2/21/IMSLP465640-PMLP3661-Bela_Bartok_-_Mikrokosmos.pdf
115,Bulgarian Rhythm (2),"Mikrokosmos, Volumes III-IV",Béla Bártok,FALSE,145,146,,,Piano 4 medium,https://www.henle.de/en/detail/?Title=Mikrokosmos%2C+Volumes+III-IV_1409,https://imslp.hk/files/imglnks/euimg/2/21/IMSLP465640-PMLP3661-Bela_Bartok_-_Mikrokosmos.pdf
116,Melody,"Mikrokosmos, Volumes III-IV",Béla Bártok,FALSE,147,148,,,Piano 4 medium,https://www.henle.de/en/detail/?Title=Mikrokosmos%2C+Volumes+III-IV_1409,https://imslp.hk/files/imglnks/euimg/2/21/IMSLP465640-PMLP3661-Bela_Bartok_-_Mikrokosmos.pdf
117,Bour\u00e9e,"Mikrokosmos, Volumes III-IV",Béla Bártok,FALSE,149,150,,,Piano 5 medium,https://www.henle.de/en/detail/?Title=Mikrokosmos%2C+Volumes+III-IV_1409,https://imslp.hk/files/imglnks/euimg/2/21/IMSLP465640-PMLP3661-Bela_Bartok_-_Mikrokosmos.pdf
118,Triplets in 9/8 Time,"Mikrokosmos, Volumes III-IV",Béla Bártok,FALSE,151,152,,,Piano 4 medium,https://www.henle.de/en/detail/?Title=Mikrokosmos%2C+Volumes+III-IV_1409,https://imslp.hk/files/imglnks/euimg/2/21/IMSLP465640-PMLP3661-Bela_Bartok_-_Mikrokosmos.pdf
119,Dance in 3/4 Time,"Mikrokosmos, Volumes III-IV",Béla Bártok,FALSE,153,154,,,Piano 4 medium,https://www.henle.de/en/detail/?Title=Mikrokosmos%2C+Volumes+III-IV_1409,https://imslp.hk/files/imglnks/euimg/2/21/IMSLP465640-PMLP3661-Bela_Bartok_-_Mikrokosmos.pdf
120,Fifth Chords,"Mikrokosmos, Volumes III-IV",Béla Bártok,FALSE,155,156,,,Piano 5 medium,https://www.henle.de/en/detail/?Title=Mikrokosmos%2C+Volumes+III-IV_1409,https://imslp.hk/files/imglnks/euimg/2/21/IMSLP465640-PMLP3661-Bela_Bartok_-_Mikrokosmos.pdf
121,Two-part Study,"Mikrokosmos, Volumes III-IV",Béla Bártok,FALSE,157,158,,,Piano 4 medium,https://www.henle.de/en/detail/?Title=Mikrokosmos%2C+Volumes+III-IV_1409,https://imslp.hk/files/imglnks/euimg/2/21/IMSLP465640-PMLP3661-Bela_Bartok_-_Mikrokosmos.pdf
122,Chords Together and Opposed,"Mikrokosmos, Volumes V-VI",Béla Bártok,FALSE,164,165,,,Piano 6 medium,https://www.henle.de/en/detail/?Title=Mikrokosmos%2C+Volumes+V-VI_1410,https://imslp.hk/files/imglnks/euimg/2/21/IMSLP465640-PMLP3661-Bela_Bartok_-_Mikrokosmos.pdf
123,Staccato and Legato (3),"Mikrokosmos, Volumes V-VI",Béla Bártok,FALSE,166,167,,,Piano 5 medium,https://www.henle.de/en/detail/?Title=Mikrokosmos%2C+Volumes+V-VI_1410,https://imslp.hk/files/imglnks/euimg/2/21/IMSLP465640-PMLP3661-Bela_Bartok_-_Mikrokosmos.pdf
124,Staccato,"Mikrokosmos, Volumes V-VI",Béla Bártok,FALSE,168,169,,,Piano 5 medium,https://www.henle.de/en/detail/?Title=Mikrokosmos%2C+Volumes+V-VI_1410,https://imslp.hk/files/imglnks/euimg/2/21/IMSLP465640-PMLP3661-Bela_Bartok_-_Mikrokosmos.pdf
125,Boating,"Mikrokosmos, Volumes V-VI",Béla Bártok,FALSE,170,171,,,Piano 5 medium,https://www.henle.de/en/detail/?Title=Mikrokosmos%2C+Volumes+V-VI_1410,https://imslp.hk/files/imglnks/euimg/2/21/IMSLP465640-PMLP3661-Bela_Bartok_-_Mikrokosmos.pdf
126,Change of Time,"Mikrokosmos, Volumes V-VI",Béla Bártok,FALSE,172,172,,,Piano 5 medium,https://www.henle.de/en/detail/?Title=Mikrokosmos%2C+Volumes+V-VI_1410,https://imslp.hk/files/imglnks/euimg/2/21/IMSLP465640-PMLP3661-Bela_Bartok_-_Mikrokosmos.pdf
127,New Hungarian Folk Song,"Mikrokosmos, Volumes V-VI",Béla Bártok,TRUE,,,,,Piano 4 medium,https://www.henle.de/en/detail/?Title=Mikrokosmos%2C+Volumes+V-VI_1410,https://imslp.hk/files/imglnks/euimg/2/21/IMSLP465640-PMLP3661-Bela_Bartok_-_Mikrokosmos.pdf
128,Peasant Dance,"Mikrokosmos, Volumes V-VI",Béla Bártok,FALSE,176,177,,,Piano 4 medium,https://www.henle.de/en/detail/?Title=Mikrokosmos%2C+Volumes+V-VI_1410,https://imslp.hk/files/imglnks/euimg/2/21/IMSLP465640-PMLP3661-Bela_Bartok_-_Mikrokosmos.pdf
129,Alternating Thirds,"Mikrokosmos, Volumes V-VI",Béla Bártok,FALSE,178,179,,,Piano 5 medium,https://www.henle.de/en/detail/?Title=Mikrokosmos%2C+Volumes+V-VI_1410,https://imslp.hk/files/imglnks/euimg/2/21/IMSLP465640-PMLP3661-Bela_Bartok_-_Mikrokosmos.pdf
130,Village Joke,"Mikrokosmos, Volumes V-VI",Béla Bártok,FALSE,180,181,,,Piano 5 medium,https://www.henle.de/en/detail/?Title=Mikrokosmos%2C+Volumes+V-VI_1410,https://imslp.hk/files/imglnks/euimg/2/21/IMSLP465640-PMLP3661-Bela_Bartok_-_Mikrokosmos.pdf
131,Fourths,"Mikrokosmos, Volumes V-VI",Béla Bártok,FALSE,182,183,,,Piano 5 medium,https://www.henle.de/en/detail/?Title=Mikrokosmos%2C+Volumes+V-VI_1410,https://imslp.hk/files/imglnks/euimg/2/21/IMSLP465640-PMLP3661-Bela_Bartok_-_Mikrokosmos.pdf
132,Major Seconds Broken and Together,"Mikrokosmos, Volumes V-VI",Béla Bártok,FALSE,184,185,,,Piano 5 medium,https://www.henle.de/en/detail/?Title=Mikrokosmos%2C+Volumes+V-VI_1410,https://imslp.hk/files/imglnks/euimg/2/21/IMSLP465640-PMLP3661-Bela_Bartok_-_Mikrokosmos.pdf
133,Syncopation (3),"Mikrokosmos, Volumes V-VI",Béla Bártok,FALSE,186,187,,,Piano 5 medium,https://www.henle.de/en/detail/?Title=Mikrokosmos%2C+Volumes+V-VI_1410,https://imslp.hk/files/imglnks/euimg/2/21/IMSLP465640-PMLP3661-Bela_Bartok_-_Mikrokosmos.pdf
134,Studies in Double Notes,"Mikrokosmos, Volumes V-VI",Béla Bártok,FALSE,188,189,,,Piano 4 medium,https://www.henle.de/en/detail/?Title=Mikrokosmos%2C+Volumes+V-VI_1410,https://imslp.hk/files/imglnks/euimg/2/21/IMSLP465640-PMLP3661-Bela_Bartok_-_Mikrokosmos.pdf
135,Perpetuum mobile,"Mikrokosmos, Volumes V-VI",Béla Bártok,FALSE,190,191,,,Piano 5 medium,https://www.henle.de/en/detail/?Title=Mikrokosmos%2C+Volumes+V-VI_1410,https://imslp.hk/files/imglnks/euimg/2/21/IMSLP465640-PMLP3661-Bela_Bartok_-_Mikrokosmos.pdf
136,Whole-tone Scale,"Mikrokosmos, Volumes V-VI",Béla Bártok,FALSE,192,194,,,Piano 5 medium,https://www.henle.de/en/detail/?Title=Mikrokosmos%2C+Volumes+V-VI_1410,https://imslp.hk/files/imglnks/euimg/2/21/IMSLP465640-PMLP3661-Bela_Bartok_-_Mikrokosmos.pdf
137,Unison,"Mikrokosmos, Volumes V-VI",Béla Bártok,FALSE,195,197,,,Piano 4 medium,https://www.henle.de/en/detail/?Title=Mikrokosmos%2C+Volumes+V-VI_1410,https://imslp.hk/files/imglnks/euimg/2/21/IMSLP465640-PMLP3661-Bela_Bartok_-_Mikrokosmos.pdf
138,Bagpipe,"Mikrokosmos, Volumes V-VI",Béla Bártok,FALSE,198,201,,,Piano 6 medium,https://www.henle.de/en/detail/?Title=Mikrokosmos%2C+Volumes+V-VI_1410,https://imslp.hk/files/imglnks/euimg/2/21/IMSLP465640-PMLP3661-Bela_Bartok_-_Mikrokosmos.pdf
139,Merry Andrew,"Mikrokosmos, Volumes V-VI",Béla Bártok,FALSE,202,203,,,Piano 4 medium,https://www.henle.de/en/detail/?Title=Mikrokosmos%2C+Volumes+V-VI_1410,https://imslp.hk/files/imglnks/euimg/2/21/IMSLP465640-PMLP3661-Bela_Bartok_-_Mikrokosmos.pdf
140,Free Variations,"Mikrokosmos, Volumes V-VI",Béla Bártok,FALSE,209,212,,,Piano 7 difficult,https://www.henle.de/en/detail/?Title=Mikrokosmos%2C+Volumes+V-VI_1410,https://imslp.hk/files/imglnks/euimg/2/21/IMSLP465640-PMLP3661-Bela_Bartok_-_Mikrokosmos.pdf
141,Subject and Reflection,"Mikrokosmos, Volumes V-VI",Béla Bártok,FALSE,213,215,,,Piano 7 difficult,https://www.henle.de/en/detail/?Title=Mikrokosmos%2C+Volumes+V-VI_1410,https://imslp.hk/files/imglnks/euimg/2/21/IMSLP465640-PMLP3661-Bela_Bartok_-_Mikrokosmos.pdf
142,From the Diary of a Fly,"Mikrokosmos, Volumes V-VI",Béla Bártok,FALSE,216,219,,,Piano 7 difficult,https://www.henle.de/en/detail/?Title=Mikrokosmos%2C+Volumes+V-VI_1410,https://imslp.hk/files/imglnks/euimg/2/21/IMSLP465640-PMLP3661-Bela_Bartok_-_Mikrokosmos.pdf
143,Divided Arpeggios,"Mikrokosmos, Volumes V-VI",Béla Bártok,FALSE,220,222,,,Piano 5 medium,https://www.henle.de/en/detail/?Title=Mikrokosmos%2C+Volumes+V-VI_1410,https://imslp.hk/files/imglnks/euimg/2/21/IMSLP465640-PMLP3661-Bela_Bartok_-_Mikrokosmos.pdf
144,"Minor Seconds, Major Sevenths","Mikrokosmos, Volumes V-VI",Béla Bártok,FALSE,223,226,,,Piano 6 medium,https://www.henle.de/en/detail/?Title=Mikrokosmos%2C+Volumes+V-VI_1410,https://imslp.hk/files/imglnks/euimg/2/21/IMSLP465640-PMLP3661-Bela_Bartok_-_Mikrokosmos.pdf
145,Chromatic Invention (3),"Mikrokosmos, Volumes V-VI",Béla Bártok,FALSE,227,229,,,Piano 7 difficult,https://www.henle.de/en/detail/?Title=Mikrokosmos%2C+Volumes+V-VI_1410,https://imslp.hk/files/imglnks/euimg/2/21/IMSLP465640-PMLP3661-Bela_Bartok_-_Mikrokosmos.pdf
146,Ostinato,"Mikrokosmos, Volumes V-VI",Béla Bártok,FALSE,233,238,,,Piano 8 difficult,https://www.henle.de/en/detail/?Title=Mikrokosmos%2C+Volumes+V-VI_1410,https://imslp.hk/files/imglnks/euimg/2/21/IMSLP465640-PMLP3661-Bela_Bartok_-_Mikrokosmos.pdf
147,March,"Mikrokosmos, Volumes V-VI",Béla Bártok,FALSE,239,241,,,Piano 7 difficult,https://www.henle.de/en/detail/?Title=Mikrokosmos%2C+Volumes+V-VI_1410,https://imslp.hk/files/imglnks/euimg/2/21/IMSLP465640-PMLP3661-Bela_Bartok_-_Mikrokosmos.pdf
148,"Six Dances in Bulgarian Rhythm, No. 1","Mikrokosmos, Volumes V-VI",Béla Bártok,FALSE,243,245,,,Piano 6 medium,https://www.henle.de/en/detail/?Title=Mikrokosmos%2C+Volumes+V-VI_1410,https://imslp.hk/files/imglnks/euimg/2/21/IMSLP465640-PMLP3661-Bela_Bartok_-_Mikrokosmos.pdf
149,"Six Dances in Bulgarian Rhythm, No. 2","Mikrokosmos, Volumes V-VI",Béla Bártok,FALSE,246,248,,,Piano 6 medium,https://www.henle.de/en/detail/?Title=Mikrokosmos%2C+Volumes+V-VI_1410,https://imslp.hk/files/imglnks/euimg/2/21/IMSLP465640-PMLP3661-Bela_Bartok_-_Mikrokosmos.pdf
150,"Six Dances in Bulgarian Rhythm, No. 3","Mikrokosmos, Volumes V-VI",Béla Bártok,FALSE,249,251,,,Piano 7 difficult,https://www.henle.de/en/detail/?Title=Mikrokosmos%2C+Volumes+V-VI_1410,https://imslp.hk/files/imglnks/euimg/2/21/IMSLP465640-PMLP3661-Bela_Bartok_-_Mikrokosmos.pdf
151,"Six Dances in Bulgarian Rhythm, No. 4","Mikrokosmos, Volumes V-VI",Béla Bártok,FALSE,252,255,,,Piano 7 difficult,https://www.henle.de/en/detail/?Title=Mikrokosmos%2C+Volumes+V-VI_1410,https://imslp.hk/files/imglnks/euimg/2/21/IMSLP465640-PMLP3661-Bela_Bartok_-_Mikrokosmos.pdf
152,"Six Dances in Bulgarian Rhythm, No. 5","Mikrokosmos, Volumes V-VI",Béla Bártok,FALSE,255,257,,,Piano 7 difficult,https://www.henle.de/en/detail/?Title=Mikrokosmos%2C+Volumes+V-VI_1410,https://imslp.hk/files/imglnks/euimg/2/21/IMSLP465640-PMLP3661-Bela_Bartok_-_Mikrokosmos.pdf
153,"Six Dances in Bulgarian Rhythm, No. 6","Mikrokosmos, Volumes V-VI",Béla Bártok,FALSE,258,262,,,Piano 7 difficult,https://www.henle.de/en/detail/?Title=Mikrokosmos%2C+Volumes+V-VI_1410,https://imslp.hk/files/imglnks/euimg/2/21/IMSLP465640-PMLP3661-Bela_Bartok_-_Mikrokosmos.pdf